<?xml version="1.0" encoding="UTF-8"?>

<mule xmlns:ee="http://www.mulesoft.org/schema/mule/ee/core" xmlns:http="http://www.mulesoft.org/schema/mule/http"
	xmlns="http://www.mulesoft.org/schema/mule/core"
	xmlns:doc="http://www.mulesoft.org/schema/mule/documentation" xmlns:xsi="http://www.w3.org/2001/XMLSchema-instance" xsi:schemaLocation="http://www.mulesoft.org/schema/mule/core http://www.mulesoft.org/schema/mule/core/current/mule.xsd
http://www.mulesoft.org/schema/mule/http http://www.mulesoft.org/schema/mule/http/current/mule-http.xsd
http://www.mulesoft.org/schema/mule/ee/core http://www.mulesoft.org/schema/mule/ee/core/current/mule-ee.xsd">
	<http:request-config name="HTTP_Request_configuration" doc:name="HTTP Request configuration" doc:id="d78784e0-bc08-441d-aa3c-948440d1cd0e" >
		<http:request-connection protocol="HTTPS" />
	</http:request-config>
	<flow name="caching-templateFlow" doc:id="0bcad20a-ea5e-4266-b1f4-d0f088795300" >
		<http:listener doc:name="Listener" doc:id="8ed213dc-a13d-4067-b8e3-2d64fbfc40bd" config-ref="HttpsListenerConfig" path="/os"/>
		<logger level="INFO" doc:name="Logger" doc:id="ee091ea1-6a5c-4d0b-8475-6ce43ba53c65" message="Default caching"/>
		<ee:cache doc:name="Cache" doc:id="ee272cb7-c21f-4dca-aa98-68500affa968" >
			<http:request method="GET" doc:name="Request" doc:id="d0c8130f-f644-42a3-b49d-487e0b39c491" config-ref="HTTP_Request_configuration" url="#['https://restcountries.com/v3.1/all']"/>
		</ee:cache>
		<ee:transform doc:name="Transform Message" doc:id="b3ce8d81-44dc-4ef9-85cf-c922216b5c1f" >
			<ee:message >
				<ee:set-payload ><![CDATA[%dw 2.0
output application/json
---
payload]]></ee:set-payload>
			</ee:message>
		</ee:transform>
	</flow>
</mule>
